<?xml version="1.0" encoding="UTF-8"?>
<data-stream-collection xmlns="http://scap.nist.gov/schema/scap/source/1.2" id="scap_mil.disa.stig_collection_U_MS_DotNet_Framework_4_V1R5_STIG_SCAP_1-2_Benchmark" schematron-version="1.0" xmlns:xsi="http://www.w3.org/2001/XMLSchema-instance" xsi:schemaLocation="http://checklists.nist.gov/xccdf/1.2 http://scap.nist.gov/schema/xccdf/1.2/xccdf_1.2.xsd http://cpe.mitre.org/dictionary/2.0 http://scap.nist.gov/schema/cpe/2.3/cpe-dictionary_2.3.xsd http://oval.mitre.org/XMLSchema/oval-common-5 http://oval.mitre.org/language/download/schema/version5.10.1/ovaldefinition/complete/oval-common-schema.xsd http://oval.mitre.org/XMLSchema/oval-definitions-5 http://oval.mitre.org/language/download/schema/version5.10.1/ovaldefinition/complete/oval-definitions-schema.xsd http://oval.mitre.org/XMLSchema/oval-definitions-5#independent http://oval.mitre.org/language/download/schema/version5.10.1/ovaldefinition/complete/independent-definitions-schema.xsd http://oval.mitre.org/XMLSchema/oval-definitions-5#windows http://oval.mitre.org/language/download/schema/version5.10.1/ovaldefinition/complete/windows-definitions-schema.xsd http://scap.nist.gov/schema/scap/source/1.2 http://scap.nist.gov/schema/scap/1.2/scap-source-data-stream_1.2.xsd">
  <data-stream id="scap_mil.disa.stig_datastream_U_MS_DotNet_Framework_4_V1R5_STIG_SCAP_1-2_Benchmark" use-case="CONFIGURATION" scap-version="1.2" timestamp="2018-09-14T16:02:29">
    <dictionaries>
      <component-ref id="scap_mil.disa.stig_cref_U_MS_DotNet_Framework_4_V1R5_STIG_SCAP_1-2_Benchmark-cpe-dictionary.xml" xmlns:xlink="http://www.w3.org/1999/xlink" xlink:href="#scap_mil.disa.stig_comp_U_MS_DotNet_Framework_4_V1R5_STIG_SCAP_1-2_Benchmark-cpe-dictionary.xml">
        <cat:catalog xmlns:cat="urn:oasis:names:tc:entity:xmlns:xml:catalog">
          <cat:uri name="U_MS_DotNet_Framework_4_V1R5_STIG_SCAP_1-2_Benchmark-cpe-oval.xml" uri="#scap_mil.disa.stig_cref_U_MS_DotNet_Framework_4_V1R5_STIG_SCAP_1-2_Benchmark-cpe-oval.xml" />
        </cat:catalog>
      </component-ref>
    </dictionaries>
    <checklists>
      <component-ref id="scap_mil.disa.stig_cref_U_MS_DotNet_Framework_4_V1R5_STIG_SCAP_1-2_Benchmark-xccdf.xml" xmlns:xlink="http://www.w3.org/1999/xlink" xlink:href="#scap_mil.disa.stig_comp_U_MS_DotNet_Framework_4_V1R5_STIG_SCAP_1-2_Benchmark-xccdf.xml">
        <cat:catalog xmlns:cat="urn:oasis:names:tc:entity:xmlns:xml:catalog">
          <cat:uri name="U_MS_DotNet_Framework_4_V1R5_STIG_SCAP_1-2_Benchmark-oval.xml" uri="#scap_mil.disa.stig_cref_U_MS_DotNet_Framework_4_V1R5_STIG_SCAP_1-2_Benchmark-oval.xml" />
        </cat:catalog>
      </component-ref>
    </checklists>
    <checks>
      <component-ref id="scap_mil.disa.stig_cref_U_MS_DotNet_Framework_4_V1R5_STIG_SCAP_1-2_Benchmark-oval.xml" xmlns:xlink="http://www.w3.org/1999/xlink" xlink:href="#scap_mil.disa.stig_comp_U_MS_DotNet_Framework_4_V1R5_STIG_SCAP_1-2_Benchmark-oval.xml" />
      <component-ref id="scap_mil.disa.stig_cref_U_MS_DotNet_Framework_4_V1R5_STIG_SCAP_1-2_Benchmark-cpe-oval.xml" xmlns:xlink="http://www.w3.org/1999/xlink" xlink:href="#scap_mil.disa.stig_comp_U_MS_DotNet_Framework_4_V1R5_STIG_SCAP_1-2_Benchmark-cpe-oval.xml" />
    </checks>
  </data-stream>
  <component id="scap_mil.disa.stig_comp_U_MS_DotNet_Framework_4_V1R5_STIG_SCAP_1-2_Benchmark-cpe-dictionary.xml" timestamp="2018-09-14T16:02:29">
    <cpe-list xmlns="http://cpe.mitre.org/dictionary/2.0">
      <cpe-item name="cpe:/a:microsoft:.net_framework:4.0">
        <title>Microsoft .NET Framework 4.0</title>
        <check system="http://oval.mitre.org/XMLSchema/oval-definitions-5" href="U_MS_DotNet_Framework_4_V1R5_STIG_SCAP_1-2_Benchmark-cpe-oval.xml">oval:mil.disa.fso.dotnet:def:1</check>
      </cpe-item>
    </cpe-list>
  </component>
  <component id="scap_mil.disa.stig_comp_U_MS_DotNet_Framework_4_V1R5_STIG_SCAP_1-2_Benchmark-xccdf.xml" timestamp="2018-09-14T16:02:29">
    <xccdf:Benchmark xmlns:xccdf="http://checklists.nist.gov/xccdf/1.2" xmlns:dsig="http://www.w3.org/2000/09/xmldsig#" xmlns:cpe="http://cpe.mitre.org/language/2.0" xmlns:xhtml="http://www.w3.org/1999/xhtml" xmlns:dc="http://purl.org/dc/elements/1.1/" id="xccdf_mil.disa.stig_benchmark_MS_Dot_Net_Framework" xml:lang="en" style="SCAP_1.2">
      <xccdf:status date="2018-10-26">accepted</xccdf:status>
      <xccdf:title>Microsoft DotNet Framework 4.0 STIG</xccdf:title>
      <xccdf:description>Applicable to systems and applications utilizing the Microsoft .Net version 4.0 framework.</xccdf:description>
      <xccdf:notice id="terms-of-use" xml:lang="en" />
      <xccdf:reference href="http://iase.disa.mil">
        <dc:publisher>DISA</dc:publisher>
        <dc:source>STIG.DOD.MIL</dc:source>
      </xccdf:reference>
      <xccdf:plain-text id="release-info">Release: 1.5 Benchmark Date: 26 Oct 2018</xccdf:plain-text>
      <xccdf:platform idref="cpe:/a:microsoft:.net_framework:4.0" />
      <xccdf:version update="http://iase.disa.mil/stigs">001.005</xccdf:version>
      <xccdf:metadata>
        <dc:creator>DISA</dc:creator>
        <dc:publisher>DISA</dc:publisher>
        <dc:contributor>DISA</dc:contributor>
        <dc:source>STIG.DOD.MIL</dc:source>
      </xccdf:metadata>
      <xccdf:Profile id="xccdf_mil.disa.stig_profile_MAC-1_Classified">
        <xccdf:title>I - Mission Critical Classified</xccdf:title>
        <xccdf:description>&lt;ProfileDescription&gt;&lt;/ProfileDescription&gt;</xccdf:description>
        <xccdf:select idref="xccdf_mil.disa.stig_group_V-7055" selected="true" />
        <xccdf:select idref="xccdf_mil.disa.stig_group_V-7061" selected="true" />
        <xccdf:select idref="xccdf_mil.disa.stig_group_V-30926" selected="true" />
        <xccdf:select idref="xccdf_mil.disa.stig_group_V-31026" selected="true" />
        <xccdf:select idref="xccdf_mil.disa.stig_group_V-81495" selected="true" />
      </xccdf:Profile>
      <xccdf:Profile id="xccdf_mil.disa.stig_profile_MAC-1_Public">
        <xccdf:title>I - Mission Critical Public</xccdf:title>
        <xccdf:description>&lt;ProfileDescription&gt;&lt;/ProfileDescription&gt;</xccdf:description>
        <xccdf:select idref="xccdf_mil.disa.stig_group_V-7055" selected="true" />
        <xccdf:select idref="xccdf_mil.disa.stig_group_V-7061" selected="true" />
        <xccdf:select idref="xccdf_mil.disa.stig_group_V-30926" selected="true" />
        <xccdf:select idref="xccdf_mil.disa.stig_group_V-31026" selected="true" />
        <xccdf:select idref="xccdf_mil.disa.stig_group_V-81495" selected="true" />
      </xccdf:Profile>
      <xccdf:Profile id="xccdf_mil.disa.stig_profile_MAC-1_Sensitive">
        <xccdf:title>I - Mission Critical Sensitive</xccdf:title>
        <xccdf:description>&lt;ProfileDescription&gt;&lt;/ProfileDescription&gt;</xccdf:description>
        <xccdf:select idref="xccdf_mil.disa.stig_group_V-7055" selected="true" />
        <xccdf:select idref="xccdf_mil.disa.stig_group_V-7061" selected="true" />
        <xccdf:select idref="xccdf_mil.disa.stig_group_V-30926" selected="true" />
        <xccdf:select idref="xccdf_mil.disa.stig_group_V-31026" selected="true" />
        <xccdf:select idref="xccdf_mil.disa.stig_group_V-81495" selected="true" />
      </xccdf:Profile>
      <xccdf:Profile id="xccdf_mil.disa.stig_profile_MAC-2_Classified">
        <xccdf:title>II - Mission Support Classified</xccdf:title>
        <xccdf:description>&lt;ProfileDescription&gt;&lt;/ProfileDescription&gt;</xccdf:description>
        <xccdf:select idref="xccdf_mil.disa.stig_group_V-7055" selected="true" />
        <xccdf:select idref="xccdf_mil.disa.stig_group_V-7061" selected="true" />
        <xccdf:select idref="xccdf_mil.disa.stig_group_V-30926" selected="true" />
        <xccdf:select idref="xccdf_mil.disa.stig_group_V-31026" selected="true" />
        <xccdf:select idref="xccdf_mil.disa.stig_group_V-81495" selected="true" />
      </xccdf:Profile>
      <xccdf:Profile id="xccdf_mil.disa.stig_profile_MAC-2_Public">
        <xccdf:title>II - Mission Support Public</xccdf:title>
        <xccdf:description>&lt;ProfileDescription&gt;&lt;/ProfileDescription&gt;</xccdf:description>
        <xccdf:select idref="xccdf_mil.disa.stig_group_V-7055" selected="true" />
        <xccdf:select idref="xccdf_mil.disa.stig_group_V-7061" selected="true" />
        <xccdf:select idref="xccdf_mil.disa.stig_group_V-30926" selected="true" />
        <xccdf:select idref="xccdf_mil.disa.stig_group_V-31026" selected="true" />
        <xccdf:select idref="xccdf_mil.disa.stig_group_V-81495" selected="true" />
      </xccdf:Profile>
      <xccdf:Profile id="xccdf_mil.disa.stig_profile_MAC-2_Sensitive">
        <xccdf:title>II - Mission Support Sensitive</xccdf:title>
        <xccdf:description>&lt;ProfileDescription&gt;&lt;/ProfileDescription&gt;</xccdf:description>
        <xccdf:select idref="xccdf_mil.disa.stig_group_V-7055" selected="true" />
        <xccdf:select idref="xccdf_mil.disa.stig_group_V-7061" selected="true" />
        <xccdf:select idref="xccdf_mil.disa.stig_group_V-30926" selected="true" />
        <xccdf:select idref="xccdf_mil.disa.stig_group_V-31026" selected="true" />
        <xccdf:select idref="xccdf_mil.disa.stig_group_V-81495" selected="true" />
      </xccdf:Profile>
      <xccdf:Profile id="xccdf_mil.disa.stig_profile_MAC-3_Classified">
        <xccdf:title>III - Administrative Classified</xccdf:title>
        <xccdf:description>&lt;ProfileDescription&gt;&lt;/ProfileDescription&gt;</xccdf:description>
        <xccdf:select idref="xccdf_mil.disa.stig_group_V-7055" selected="true" />
        <xccdf:select idref="xccdf_mil.disa.stig_group_V-7061" selected="true" />
        <xccdf:select idref="xccdf_mil.disa.stig_group_V-30926" selected="true" />
        <xccdf:select idref="xccdf_mil.disa.stig_group_V-31026" selected="true" />
        <xccdf:select idref="xccdf_mil.disa.stig_group_V-81495" selected="true" />
      </xccdf:Profile>
      <xccdf:Profile id="xccdf_mil.disa.stig_profile_MAC-3_Public">
        <xccdf:title>III - Administrative Public</xccdf:title>
        <xccdf:description>&lt;ProfileDescription&gt;&lt;/ProfileDescription&gt;</xccdf:description>
        <xccdf:select idref="xccdf_mil.disa.stig_group_V-7055" selected="true" />
        <xccdf:select idref="xccdf_mil.disa.stig_group_V-7061" selected="true" />
        <xccdf:select idref="xccdf_mil.disa.stig_group_V-30926" selected="true" />
        <xccdf:select idref="xccdf_mil.disa.stig_group_V-31026" selected="true" />
        <xccdf:select idref="xccdf_mil.disa.stig_group_V-81495" selected="true" />
      </xccdf:Profile>
      <xccdf:Profile id="xccdf_mil.disa.stig_profile_MAC-3_Sensitive">
        <xccdf:title>III - Administrative Sensitive</xccdf:title>
        <xccdf:description>&lt;ProfileDescription&gt;&lt;/ProfileDescription&gt;</xccdf:description>
        <xccdf:select idref="xccdf_mil.disa.stig_group_V-7055" selected="true" />
        <xccdf:select idref="xccdf_mil.disa.stig_group_V-7061" selected="true" />
        <xccdf:select idref="xccdf_mil.disa.stig_group_V-30926" selected="true" />
        <xccdf:select idref="xccdf_mil.disa.stig_group_V-31026" selected="true" />
        <xccdf:select idref="xccdf_mil.disa.stig_group_V-81495" selected="true" />
      </xccdf:Profile>
      <xccdf:Profile id="xccdf_mil.disa.stig_profile_CAT_I_Only">
        <xccdf:title>CAT I Only</xccdf:title>
        <xccdf:description>This profile only includes rules that are Severity Category I.</xccdf:description>
        <xccdf:select idref="xccdf_mil.disa.stig_rule_SV-40966r1_rule" selected="false" />
        <xccdf:select idref="xccdf_mil.disa.stig_rule_SV-41075r1_rule" selected="false" />
        <xccdf:select idref="xccdf_mil.disa.stig_rule_SV-7438r2_rule" selected="false" />
        <xccdf:select idref="xccdf_mil.disa.stig_rule_SV-7444r3_rule" selected="false" />
        <xccdf:select idref="xccdf_mil.disa.stig_rule_SV-96209r1_rule" selected="false" />
      </xccdf:Profile>
      <xccdf:Group id="xccdf_mil.disa.stig_group_V-7055">
        <xccdf:title>APPNET0031 No Strong Name Verification</xccdf:title>
        <xccdf:description>&lt;GroupDescription&gt;&lt;/GroupDescription&gt;</xccdf:description>
        <xccdf:Rule id="xccdf_mil.disa.stig_rule_SV-7438r2_rule" severity="medium" weight="10.0">
          <xccdf:version update="http://iase.disa.mil/stigs">APPNET0031</xccdf:version>
          <xccdf:title>Digital signatures assigned to strongly named assemblies must be verified.</xccdf:title>
          <xccdf:description>&lt;VulnDiscussion&gt;A strong name consists of the assembly's identity, simple text name, version number, and culture information (if provided)—plus a public key and a digital signature.  Strong names serve to identify the author of the code.  If digital signatures used to sign strong name assemblies are not verified, any self signed code can be impersonated.  This can lead to a loss of system integrity. &lt;/VulnDiscussion&gt;&lt;FalsePositives&gt;&lt;/FalsePositives&gt;&lt;FalseNegatives&gt;&lt;/FalseNegatives&gt;&lt;Documentable&gt;false&lt;/Documentable&gt;&lt;Mitigations&gt;&lt;/Mitigations&gt;&lt;SeverityOverrideGuidance&gt;&lt;/SeverityOverrideGuidance&gt;&lt;PotentialImpacts&gt;&lt;/PotentialImpacts&gt;&lt;ThirdPartyTools&gt;&lt;/ThirdPartyTools&gt;&lt;MitigationControl&gt;&lt;/MitigationControl&gt;&lt;Responsibility&gt;System Administrator&lt;/Responsibility&gt;&lt;IAControls&gt;DCSL-1&lt;/IAControls&gt;</xccdf:description>
          <xccdf:reference>
            <dc:title>DPMS Target Framework 4.0</dc:title>
            <dc:publisher>DISA</dc:publisher>
            <dc:type>DPMS Target</dc:type>
            <dc:subject>Framework 4.0</dc:subject>
            <dc:identifier>2030</dc:identifier>
          </xccdf:reference>
          <xccdf:fixtext fixref="F-12596r7_fix">Use regedit to remove the values stored in Windows registry key HKLM\Software\Microsoft\StrongName\Verification. There should be no assemblies or hash values listed under this registry key.

All assemblies must require strong name verification in a production environment.

Strong name assemblies that do not require verification in a development or test environment must have documented approvals from the IAO.</xccdf:fixtext>
          <xccdf:fix id="F-12596r7_fix" />
          <xccdf:check system="http://oval.mitre.org/XMLSchema/oval-definitions-5">
            <xccdf:check-content-ref name="oval:mil.disa.fso.dotnet:def:2" href="U_MS_DotNet_Framework_4_V1R5_STIG_SCAP_1-2_Benchmark-oval.xml" />
          </xccdf:check>
        </xccdf:Rule>
      </xccdf:Group>
      <xccdf:Group id="xccdf_mil.disa.stig_group_V-7061">
        <xccdf:title>APPNET0046 Test Root certificates</xccdf:title>
        <xccdf:description>&lt;GroupDescription&gt;&lt;/GroupDescription&gt;</xccdf:description>
        <xccdf:Rule id="xccdf_mil.disa.stig_rule_SV-7444r3_rule" severity="medium" weight="10.0">
          <xccdf:version update="http://iase.disa.mil/stigs">APPNET0046</xccdf:version>
          <xccdf:title>The Trust Providers Software Publishing State must be set to 0x23C00.</xccdf:title>
          <xccdf:description>&lt;VulnDiscussion&gt;Microsoft Windows operating systems provide a feature called Authenticode.  Authenticode technology and its underlying code signing mechanisms serve to provide a structure to identify software publishers and ensure that software applications have not been tampered with.  Authenticode technology relies on digital certificates and is based on Public Key Cryptography Standards (PKCS) #7 (encrypted key specification), PKCS #10 (certificate request formats), X.509 (certificate specification), and Secure Hash Algorithm (SHA) and MD5 hash algorithms.

The manner in which the Authenticode technology validates a certificate and determines what is considered a valid certificate can be modified to meet the mission of the Microsoft Windows system.  Each facade of certificate validation is controlled through the bits that makeup the hexadecimal value for the Authenticode setting.  An improper setting will allow non-valid certificates to be accepted and can put the integrity of the system into jeopardy.

The hexadecimal value of 0x23C00 will implement the following certificate enforcement policy:
- Trust the Test Root = FALSE
- Use expiration date on certificates = TRUE
- Check the revocation list = TRUE
- Offline revocation server OK (Individual) = TRUE
- Offline revocation server OK (Commercial) = TRUE
- Java offline revocation server OK (Individual) = TRUE
- Java offline revocation server OK (Commercial) = TRUE
- Invalidate version 1 signed objects = FALSE
- Check the revocation list on Time Stamp Signer = FALSE
- Only trust items found in the Trust DB = FALSE
&lt;/VulnDiscussion&gt;&lt;FalsePositives&gt;&lt;/FalsePositives&gt;&lt;FalseNegatives&gt;&lt;/FalseNegatives&gt;&lt;Documentable&gt;false&lt;/Documentable&gt;&lt;Mitigations&gt;&lt;/Mitigations&gt;&lt;SeverityOverrideGuidance&gt;&lt;/SeverityOverrideGuidance&gt;&lt;PotentialImpacts&gt;&lt;/PotentialImpacts&gt;&lt;ThirdPartyTools&gt;&lt;/ThirdPartyTools&gt;&lt;MitigationControl&gt;&lt;/MitigationControl&gt;&lt;Responsibility&gt;System Administrator&lt;/Responsibility&gt;&lt;IAControls&gt;&lt;/IAControls&gt;</xccdf:description>
          <xccdf:reference>
            <dc:title>DPMS Target Framework 4.0</dc:title>
            <dc:publisher>DISA</dc:publisher>
            <dc:type>DPMS Target</dc:type>
            <dc:subject>Framework 4.0</dc:subject>
            <dc:identifier>2030</dc:identifier>
          </xccdf:reference>
          <xccdf:fixtext fixref="F-12602r12_fix">This fix must be performed for each user on the system.

Using regedit, change the hexadecimal value of the "HKEY_USER\[UNIQUE USER SID VALUE]\Software\Microsoft\Windows\CurrentVersion\WinTrust\Trust Providers\Software Publishing\State" registry key to 0x23C00.</xccdf:fixtext>
          <xccdf:fix id="F-12602r12_fix" />
          <xccdf:check system="http://oval.mitre.org/XMLSchema/oval-definitions-5">
            <xccdf:check-content-ref name="oval:mil.disa.fso.dotnet:def:15" href="U_MS_DotNet_Framework_4_V1R5_STIG_SCAP_1-2_Benchmark-oval.xml" />
          </xccdf:check>
        </xccdf:Rule>
      </xccdf:Group>
      <xccdf:Group id="xccdf_mil.disa.stig_group_V-30926">
        <xccdf:title>APPNET0062 Administering FIPS Policy</xccdf:title>
        <xccdf:description>&lt;GroupDescription&gt;&lt;/GroupDescription&gt;</xccdf:description>
        <xccdf:Rule id="xccdf_mil.disa.stig_rule_SV-40966r1_rule" severity="medium" weight="10.0">
          <xccdf:version update="http://iase.disa.mil/stigs">APPNET0062</xccdf:version>
          <xccdf:title>The .NET CLR must be configured to use FIPS approved encryption modules.</xccdf:title>
          <xccdf:description>&lt;VulnDiscussion&gt;FIPS encryption is configured via .NET configuration files.  There are numerous configuration files that affect different aspects of .Net behavior.  The .NET config files are described below.
 
Machine Configuration Files:
The machine configuration file, Machine.config, contains settings that apply to an entire computer. This file is located in the %SYSTEMROOT%\Microsoft.NET\Framework\v4.0.30319\Config directory for 32 bit .NET 4 installations and %SYSTEMROOT%\Microsoft.NET\Framework64\v4.0.30319\Config for 64 bit systems.   Machine.config contains configuration settings for machine-wide assembly binding, built-in remoting channels, and ASP.NET.

Application Configuration Files:
Application configuration files contain settings specific to an application. If checking these files, a .NET review of a specific .NET application is most likely being conducted. These files contain configuration settings that the Common Language Runtime reads (such as assembly binding policy, remoting objects, and so on), and settings that the application can read. 

The name and location of the application configuration file depends on the application's host, which can be one of the following: 

Executable–hosted application configuration files. 

The configuration file for an application hosted by the executable host is in the same directory as the application. The name of the configuration file is the name of the application with a .config extension. For example, an application called myApp.exe can be associated with a configuration file called myApp.exe.config. 

Internet Explorer-hosted application configuration files. 

If an application hosted in Internet Explorer has a configuration file, the location of this file is specified in a &lt;link&gt; tag with the following syntax.

&lt;link rel="ConfigurationFileName" href="location"&gt;

In this tag, "location" represents a URL that point to the configuration file. This sets the application base. The configuration file must be located on the same web site as the application. 

.NET 4.0 allows the CLR runtime to be configured to ignore FIPS encryption requirements.  If the CLR is not configured to use FIPS encryption modules, insecure encryption modules might be employed which could introduce an application confidentiality or integrity issue.
&lt;/VulnDiscussion&gt;&lt;FalsePositives&gt;&lt;/FalsePositives&gt;&lt;FalseNegatives&gt;&lt;/FalseNegatives&gt;&lt;Documentable&gt;false&lt;/Documentable&gt;&lt;Mitigations&gt;&lt;/Mitigations&gt;&lt;SeverityOverrideGuidance&gt;&lt;/SeverityOverrideGuidance&gt;&lt;PotentialImpacts&gt;&lt;/PotentialImpacts&gt;&lt;ThirdPartyTools&gt;&lt;/ThirdPartyTools&gt;&lt;MitigationControl&gt;&lt;/MitigationControl&gt;&lt;Responsibility&gt;System Administrator&lt;/Responsibility&gt;&lt;Responsibility&gt;Web Administrator&lt;/Responsibility&gt;&lt;IAControls&gt;DCNR-1&lt;/IAControls&gt;</xccdf:description>
          <xccdf:reference>
            <dc:title>DPMS Target Framework 4.0</dc:title>
            <dc:publisher>DISA</dc:publisher>
            <dc:type>DPMS Target</dc:type>
            <dc:subject>Framework 4.0</dc:subject>
            <dc:identifier>2030</dc:identifier>
          </xccdf:reference>
          <xccdf:fixtext fixref="F-34734r4_fix">Examine the .NET CLR configuration files to find the runtime element and then the "enforceFIPSPolicy" element.

Example:
&lt;configuration&gt; 
  &lt;runtime&gt; 
                &lt;enforceFIPSPolicy enabled="true|false" /&gt;
  &lt;/runtime&gt;
&lt;/configuration&gt;

Delete the "enforceFIPSPolicy" runtime element, change the setting to "true" or there must be documented IAO approvals for the FIPS setting.</xccdf:fixtext>
          <xccdf:fix id="F-34734r4_fix" />
          <xccdf:check system="http://oval.mitre.org/XMLSchema/oval-definitions-5">
            <xccdf:check-content-ref name="oval:mil.disa.fso.dotnet:def:9" href="U_MS_DotNet_Framework_4_V1R5_STIG_SCAP_1-2_Benchmark-oval.xml" />
          </xccdf:check>
        </xccdf:Rule>
      </xccdf:Group>
      <xccdf:Group id="xccdf_mil.disa.stig_group_V-31026">
        <xccdf:title>APPNET0067 .NET Event Tracing for Windows.</xccdf:title>
        <xccdf:description>&lt;GroupDescription&gt;&lt;/GroupDescription&gt;</xccdf:description>
        <xccdf:Rule id="xccdf_mil.disa.stig_rule_SV-41075r1_rule" severity="medium" weight="10.0">
          <xccdf:version update="http://iase.disa.mil/stigs">APPNET0067</xccdf:version>
          <xccdf:title>Event tracing for Windows (ETW) for Common Language Runtime events must be enabled.</xccdf:title>
          <xccdf:description>&lt;VulnDiscussion&gt;Event tracing captures information about applications utilizing the .NET CLR and the .NET CLR itself. This includes security oriented information, such as Strong Name and Authenticode verification.  

Beginning with Windows Vista, ETW is enabled by default however, the .Net CLR and .Net applications can be configured to not utilize Event Tracing. If ETW event tracing is disabled, critical events that occurred within the runtime will not be captured in event logs.&lt;/VulnDiscussion&gt;&lt;FalsePositives&gt;&lt;/FalsePositives&gt;&lt;FalseNegatives&gt;&lt;/FalseNegatives&gt;&lt;Documentable&gt;false&lt;/Documentable&gt;&lt;Mitigations&gt;&lt;/Mitigations&gt;&lt;SeverityOverrideGuidance&gt;&lt;/SeverityOverrideGuidance&gt;&lt;PotentialImpacts&gt;&lt;/PotentialImpacts&gt;&lt;ThirdPartyTools&gt;&lt;/ThirdPartyTools&gt;&lt;MitigationControl&gt;&lt;/MitigationControl&gt;&lt;Responsibility&gt;&lt;/Responsibility&gt;&lt;IAControls&gt;DCSL-1&lt;/IAControls&gt;</xccdf:description>
          <xccdf:reference>
            <dc:title>DPMS Target Framework 4.0</dc:title>
            <dc:publisher>DISA</dc:publisher>
            <dc:type>DPMS Target</dc:type>
            <dc:subject>Framework 4.0</dc:subject>
            <dc:identifier>2030</dc:identifier>
          </xccdf:reference>
          <xccdf:fixtext fixref="F-34847r6_fix">Open Windows explorer and search for all .NET config files including application config files (*.exe.config).

Examine the configuration settings for 
&lt;etwEnable enabled="false" /&gt;.

Enable ETW Tracing by setting the etwEnable flag to "true" or obtain documented IAO approvals.</xccdf:fixtext>
          <xccdf:fix id="F-34847r6_fix" />
          <xccdf:check system="http://oval.mitre.org/XMLSchema/oval-definitions-5">
            <xccdf:check-content-ref name="oval:mil.disa.fso.dotnet:def:12" href="U_MS_DotNet_Framework_4_V1R5_STIG_SCAP_1-2_Benchmark-oval.xml" />
          </xccdf:check>
        </xccdf:Rule>
      </xccdf:Group>
      <xccdf:Group id="xccdf_mil.disa.stig_group_V-81495">
        <xccdf:title>APPNET0075 Disable TLS RC4 cipher in .Net</xccdf:title>
        <xccdf:description>&lt;GroupDescription&gt;&lt;/GroupDescription&gt;</xccdf:description>
        <xccdf:Rule id="xccdf_mil.disa.stig_rule_SV-96209r1_rule" severity="medium" weight="10.0">
          <xccdf:version update="http://iase.disa.mil/stigs">APPNET0075</xccdf:version>
          <xccdf:title>Disable TLS RC4 cipher in .Net</xccdf:title>
          <xccdf:description>&lt;VulnDiscussion&gt;Use of the RC4 cipher in TLS could allow an attacker to perform man-in-the-middle attacks and recover plaintext from encrypted sessions. Applications that target .Net version 4.x running on multiple Windows versions could be vulnerable to these types of attacks. The registry settings in this requirement will prevent .Net applications that target the 4.x framework from selecting and utilizing the Schannel.dll RC4 cipher for TLS connections. Applications that use TLS when connecting to remote systems will perform a handshake and negotiate the TLS version and cipher that is to be used between the client and the server. This is standard protocol for all TLS connections. If the server and client are not configured to use the same TLS version and cipher, the TLS connection may fail. Applications should be tested with these registry settings prior to production implementation of the fix in order to avoid application outages.&lt;/VulnDiscussion&gt;&lt;FalsePositives&gt;&lt;/FalsePositives&gt;&lt;FalseNegatives&gt;&lt;/FalseNegatives&gt;&lt;Documentable&gt;false&lt;/Documentable&gt;&lt;Mitigations&gt;&lt;/Mitigations&gt;&lt;SeverityOverrideGuidance&gt;&lt;/SeverityOverrideGuidance&gt;&lt;PotentialImpacts&gt;&lt;/PotentialImpacts&gt;&lt;ThirdPartyTools&gt;&lt;/ThirdPartyTools&gt;&lt;MitigationControl&gt;&lt;/MitigationControl&gt;&lt;Responsibility&gt;System Administrator&lt;/Responsibility&gt;&lt;IAControls&gt;&lt;/IAControls&gt;</xccdf:description>
          <xccdf:reference>
            <dc:title>DPMS Target Framework 4.0</dc:title>
            <dc:publisher>DISA</dc:publisher>
            <dc:type>DPMS Target</dc:type>
            <dc:subject>Framework 4.0</dc:subject>
            <dc:identifier>2030</dc:identifier>
          </xccdf:reference>
          <xccdf:ident system="http://iase.disa.mil/cci">CCI-001762</xccdf:ident>
          <xccdf:fixtext fixref="F-88319r2_fix">Use regedit to modify or create the following Windows registry key:

For 32-bit applications on 32-bit systems and 64-bit applications on x64-based systems: HKEY_LOCAL_MACHINE\SOFTWARE\Microsoft\.NETFramework\v4.0.30319\SchUseStrongCrypto

For 32-bit applications on x64-based systems: HKEY_LOCAL_MACHINE\SOFTWARE\Wow6432Node\Microsoft\.NETFramework\v4.0.30319\SchUseStrongCrypto

Set the REG_DWORD value for “SchUseStrongCrypto” to “1”.</xccdf:fixtext>
          <xccdf:fix id="F-88319r2_fix" />
          <xccdf:check system="http://oval.mitre.org/XMLSchema/oval-definitions-5">
            <xccdf:check-content-ref name="oval:mil.disa.fso.dotnet:def:16" href="U_MS_DotNet_Framework_4_V1R5_STIG_SCAP_1-2_Benchmark-oval.xml" />
          </xccdf:check>
        </xccdf:Rule>
      </xccdf:Group>
    </xccdf:Benchmark>
  </component>
  <component id="scap_mil.disa.stig_comp_U_MS_DotNet_Framework_4_V1R5_STIG_SCAP_1-2_Benchmark-oval.xml" timestamp="2018-09-14T16:02:29">
    <oval_definitions xmlns="http://oval.mitre.org/XMLSchema/oval-definitions-5" xmlns:oval="http://oval.mitre.org/XMLSchema/oval-common-5">
      <generator>
        <oval:product_name>repotool</oval:product_name>
        <oval:schema_version>5.10</oval:schema_version>
        <oval:timestamp>2018-09-14T16:02:28</oval:timestamp>
      </generator>
      <definitions>
        <definition id="oval:mil.disa.fso.dotnet:def:2" version="1" class="compliance">
          <metadata>
            <title>APPNET0031 No Strong Name Verification</title>
            <affected family="windows">
              <platform>Microsoft Windows XP</platform>
              <platform>Microsoft Windows Server 2003</platform>
              <platform>Microsoft Windows Vista</platform>
              <platform>Microsoft Windows Server 2008</platform>
              <platform>Microsoft Windows Server 2008 R2</platform>
              <platform>Microsoft Windows 7</platform>
            </affected>
            <description>Digital signatures assigned to strongly named assemblies must be verified.</description>
          </metadata>
          <criteria>
            <criterion comment="No assemblies or hash values under HKLM\Software\Microsoft\StrongName\Verification" test_ref="oval:mil.disa.fso.dotnet:tst:200" />
          </criteria>
        </definition>
        <definition id="oval:mil.disa.fso.dotnet:def:9" version="2" class="compliance">
          <metadata>
            <title>APPNET0062 Administering FIPS Policy</title>
            <affected family="windows">
              <platform>Microsoft Windows XP</platform>
              <platform>Microsoft Windows Server 2003</platform>
              <platform>Microsoft Windows Vista</platform>
              <platform>Microsoft Windows Server 2008</platform>
              <platform>Microsoft Windows Server 2008 R2</platform>
              <platform>Microsoft Windows 7</platform>
            </affected>
            <description>The enforceFIPSPolicy element must be enabled or not exist.</description>
          </metadata>
          <criteria>
            <criterion comment="exe.config - enforceFIPSPolicy is enabled or does not exist" test_ref="oval:mil.disa.fso.dotnet:tst:900" />
            <criterion comment="machine.config - enforceFIPSPolicy is enabled or does not exist" test_ref="oval:mil.disa.fso.dotnet:tst:901" />
          </criteria>
        </definition>
        <definition id="oval:mil.disa.fso.dotnet:def:12" version="3" class="compliance">
          <metadata>
            <title>APPNET0067 - Event Tracing must be enabled.</title>
            <affected family="windows">
              <platform>Microsoft Windows XP</platform>
              <platform>Microsoft Windows Server 2003</platform>
              <platform>Microsoft Windows Vista</platform>
              <platform>Microsoft Windows Server 2008</platform>
              <platform>Microsoft Windows Server 2008 R2</platform>
              <platform>Microsoft Windows 7</platform>
            </affected>
            <description>etwEnable must be enabled or not set for newer Windows, must be explicitly enabled for XP and 2003.</description>
          </metadata>
          <criteria operator="OR">
            <criteria operator="AND" comment="XP/2003 and configured correctly for those platforms">
              <criteria operator="OR" comment="XP or 2003">
                <extend_definition definition_ref="oval:mil.disa.fso.windows:def:3922" comment="Windows XP" />
                <extend_definition definition_ref="oval:mil.disa.fso.windows:def:4970" comment="Windows Server 2003" />
              </criteria>
              <criteria operator="OR">
                <criteria operator="AND">
                  <criterion comment="machine.config - etwEnable exists and is enabled" test_ref="oval:mil.disa.fso.dotnet:tst:1202" />
                  <criterion comment="exe.config - etwEnable is enabled or does not exist" test_ref="oval:mil.disa.fso.dotnet:tst:1200" />
                </criteria>
                <criterion comment="exe.config - etwEnable exists and is enabled" test_ref="oval:mil.disa.fso.dotnet:tst:1203" />
              </criteria>
            </criteria>
            <criteria operator="AND" comment="Not XP/2003 and configured correctly for newer platforms">
              <criteria operator="OR" comment="Not XP or 2003" negate="true">
                <extend_definition definition_ref="oval:mil.disa.fso.windows:def:3922" comment="Windows XP" />
                <extend_definition definition_ref="oval:mil.disa.fso.windows:def:4970" comment="Windows Server 2003" />
              </criteria>
              <criteria>
                <criterion comment="exe.config - etwEnable is enabled or does not exist" test_ref="oval:mil.disa.fso.dotnet:tst:1200" />
                <criterion comment="machine.config - etwEnable is enabled or does not exist" test_ref="oval:mil.disa.fso.dotnet:tst:1201" />
              </criteria>
            </criteria>
          </criteria>
        </definition>
        <definition id="oval:mil.disa.fso.dotnet:def:15" version="1" class="compliance">
          <metadata>
            <title>APPNET0046 The Trust Providers Software Publishing State must be set to 0x23c00</title>
            <affected family="windows">
              <platform>Microsoft Windows XP</platform>
              <platform>Microsoft Windows Server 2003</platform>
              <platform>Microsoft Windows Vista</platform>
              <platform>Microsoft Windows Server 2008</platform>
              <platform>Microsoft Windows Server 2008 R2</platform>
              <platform>Microsoft Windows 7</platform>
            </affected>
            <description>The Trust Providers Software Publishing State must be set to 0x23c00 (SCC-only check)</description>
          </metadata>
          <criteria>
            <criterion comment="HKEY_CURRENT_USER\Software\Microsoft\Windows\CurrentVersion\WinTrust\Trust Providers\Software Publishing\State == 0x23c00" test_ref="oval:mil.disa.fso.dotnet:tst:1500" />
          </criteria>
        </definition>
        <definition id="oval:mil.disa.fso.dotnet:def:16" version="1" class="compliance">
          <metadata>
            <title>Disable TLS RC4 cipher in .Net</title>
            <affected family="windows">
              <platform>Microsoft Windows Server 2008</platform>
              <platform>Microsoft Windows Server 2008 R2</platform>
              <platform>Microsoft Windows Server 2012</platform>
              <platform>Microsoft Windows 10</platform>
              <platform>Microsoft Windows Server 2016</platform>
            </affected>
            <description>Use of the RC4 cipher in TLS could allow an attacker to perform man-in-the-middle attacks and recover plaintext from encrypted sessions. Applications that target .Net version 4.x running on multiple Windows versions could be vulnerable to these types of attacks. The registry settings in this requirement will prevent .Net applications that target the 4.x framework from selecting and utilizing the Schannel.dll RC4 cipher for TLS connections. Applications that use TLS when connecting to remote systems will perform a handshake and negotiate the TLS version and cipher that is to be used between the client and the server. This is standard protocol for all TLS connections. If the server and client are not configured to use the same TLS version and cipher, the TLS connection may fail. Applications should be tested with these registry settings prior to production implementation of the fix in order to avoid application outages.</description>
          </metadata>
          <criteria operator="AND">
            <criterion test_ref="oval:mil.disa.fso.dotnet:tst:1600" comment="32-bit on 32 bit or 64 bit on 64 bit system registry key exists and is configure correctly" />
            <criteria operator="OR">
              <criterion test_ref="oval:mil.disa.fso.dotnet:tst:1601" comment="Is a 32 bit system" />
              <criterion test_ref="oval:mil.disa.fso.dotnet:tst:1602" comment="32-bit applications on a 64-bit system regkey exists and is configured correctly" />
            </criteria>
          </criteria>
        </definition>
        <definition id="oval:mil.disa.fso.windows:def:3922" version="1" class="inventory">
          <metadata>
            <title>Microsoft Windows XP is installed</title>
            <affected family="windows">
              <platform>Microsoft Windows XP</platform>
            </affected>
            <reference source="CPE" ref_id=" cpe:/o:microsoft:windows_xp" />
            <description>Microsoft Windows XP is installed</description>
          </metadata>
          <criteria>
            <criterion comment="The installed operating system is part of the Microsoft Windows family" test_ref="oval:mil.disa.fso.windows:tst:392200" />
            <criterion comment="Microsoft Windows XP is installed" test_ref="oval:mil.disa.fso.windows:tst:392201" />
          </criteria>
        </definition>
        <definition class="inventory" id="oval:mil.disa.fso.windows:def:4970" version="1">
          <metadata>
            <title>Microsoft Windows Server 2003</title>
            <affected family="windows">
              <platform>Microsoft Windows Server 2003</platform>
              <product>Windows Server 2003</product>
            </affected>
            <description>Windows Server 2003 is installed</description>
          </metadata>
          <criteria>
            <criterion comment="the installed operating system is part of the Microsoft Windows family" test_ref="oval:mil.disa.fso.windows:tst:497001" />
            <criterion comment="Windows Server 2003 is installed" test_ref="oval:mil.disa.fso.windows:tst:497002" />
          </criteria>
        </definition>
      </definitions>
      <tests>
        <windows-def:registry_test xmlns:windows-def="http://oval.mitre.org/XMLSchema/oval-definitions-5#windows" id="oval:mil.disa.fso.dotnet:tst:200" version="1" comment="No assemblies or hash values under HKLM\Software\Microsoft\StrongName\Verification" check_existence="none_exist" check="all">
          <windows-def:object object_ref="oval:mil.disa.fso.dotnet:obj:200" />
        </windows-def:registry_test>
        <xmlfilecontent_test xmlns="http://oval.mitre.org/XMLSchema/oval-definitions-5#independent" id="oval:mil.disa.fso.dotnet:tst:900" version="2" comment="exe.config - enforceFIPSPolicy is enabled or does not exist" check_existence="any_exist" check="all">
          <object object_ref="oval:mil.disa.fso.dotnet:obj:900" />
          <state state_ref="oval:mil.disa.fso.dotnet:ste:900" />
        </xmlfilecontent_test>
        <xmlfilecontent_test xmlns="http://oval.mitre.org/XMLSchema/oval-definitions-5#independent" id="oval:mil.disa.fso.dotnet:tst:901" version="1" comment="machine.config - enforceFIPSPolicy is enabled or does not exist" check_existence="any_exist" check="all">
          <object object_ref="oval:mil.disa.fso.dotnet:obj:901" />
          <state state_ref="oval:mil.disa.fso.dotnet:ste:900" />
        </xmlfilecontent_test>
        <xmlfilecontent_test xmlns="http://oval.mitre.org/XMLSchema/oval-definitions-5#independent" id="oval:mil.disa.fso.dotnet:tst:1200" version="2" comment="exe.config - etwEnable is enabled or does not exist" check_existence="any_exist" check="all">
          <object object_ref="oval:mil.disa.fso.dotnet:obj:1200" />
          <state state_ref="oval:mil.disa.fso.dotnet:ste:1200" />
        </xmlfilecontent_test>
        <xmlfilecontent_test xmlns="http://oval.mitre.org/XMLSchema/oval-definitions-5#independent" id="oval:mil.disa.fso.dotnet:tst:1201" version="1" comment="machine.config - etwEnable is enabled or does not exist" check_existence="any_exist" check="all">
          <object object_ref="oval:mil.disa.fso.dotnet:obj:1201" />
          <state state_ref="oval:mil.disa.fso.dotnet:ste:1200" />
        </xmlfilecontent_test>
        <xmlfilecontent_test xmlns="http://oval.mitre.org/XMLSchema/oval-definitions-5#independent" id="oval:mil.disa.fso.dotnet:tst:1202" version="2" comment="machine.config - etwEnable exists and is enabled" check_existence="at_least_one_exists" check="all">
          <object object_ref="oval:mil.disa.fso.dotnet:obj:1203" />
          <state state_ref="oval:mil.disa.fso.dotnet:ste:1200" />
        </xmlfilecontent_test>
        <xmlfilecontent_test xmlns="http://oval.mitre.org/XMLSchema/oval-definitions-5#independent" id="oval:mil.disa.fso.dotnet:tst:1203" version="2" comment="exe.config - etwEnable exists and is enabled" check_existence="at_least_one_exists" check="all">
          <object object_ref="oval:mil.disa.fso.dotnet:obj:1202" />
          <state state_ref="oval:mil.disa.fso.dotnet:ste:1200" />
        </xmlfilecontent_test>
        <windows-def:registry_test xmlns:windows-def="http://oval.mitre.org/XMLSchema/oval-definitions-5#windows" id="oval:mil.disa.fso.dotnet:tst:1500" version="1" comment="HKEY_CURRENT_USER\Software\Microsoft\Windows\CurrentVersion\WinTrust\Trust Providers\Software Publishing\State == 0x23c00" check_existence="any_exist" check="all">
          <windows-def:object object_ref="oval:mil.disa.fso.dotnet:obj:300" />
          <windows-def:state state_ref="oval:mil.disa.fso.dotnet:ste:1500" />
        </windows-def:registry_test>
        <registry_test xmlns="http://oval.mitre.org/XMLSchema/oval-definitions-5#windows" id="oval:mil.disa.fso.dotnet:tst:1600" version="1" check="all" comment="SchUseStrongCrypto key for applications that match the bitness of the system" check_existence="at_least_one_exists">
          <object object_ref="oval:mil.disa.fso.dotnet:obj:1600" />
          <state state_ref="oval:mil.disa.fso.dotnet:ste:1600" />
        </registry_test>
        <wmi57_test xmlns="http://oval.mitre.org/XMLSchema/oval-definitions-5#windows" id="oval:mil.disa.fso.dotnet:tst:1601" version="1" check="all" check_existence="at_least_one_exists" comment="32-bit operating system check">
          <object object_ref="oval:mil.disa.fso.dotnet:obj:1601" />
          <state state_ref="oval:mil.disa.fso.dotnet:ste:1601" />
        </wmi57_test>
        <registry_test xmlns="http://oval.mitre.org/XMLSchema/oval-definitions-5#windows" id="oval:mil.disa.fso.dotnet:tst:1602" version="1" check="all" check_existence="at_least_one_exists" comment="SchUseStrongCrypto key for 32 bit applications on a 64 bit system">
          <object object_ref="oval:mil.disa.fso.dotnet:obj:1602" />
          <state state_ref="oval:mil.disa.fso.dotnet:ste:1600" />
        </registry_test>
        <family_test xmlns="http://oval.mitre.org/XMLSchema/oval-definitions-5#independent" id="oval:mil.disa.fso.windows:tst:392200" version="1" comment="The installed operating system is part of the Microsoft Windows family" check_existence="at_least_one_exists" check="only one">
          <object object_ref="oval:mil.disa.fso.windows:obj:392200" />
          <state state_ref="oval:mil.disa.fso.windows:ste:392200" />
        </family_test>
        <registry_test xmlns="http://oval.mitre.org/XMLSchema/oval-definitions-5#windows" id="oval:mil.disa.fso.windows:tst:392201" version="1" comment="Microsoft Windows XP is installed" check_existence="at_least_one_exists" check="at least one">
          <object object_ref="oval:mil.disa.fso.windows:obj:392201" />
          <state state_ref="oval:mil.disa.fso.windows:ste:392201" />
        </registry_test>
        <family_test xmlns="http://oval.mitre.org/XMLSchema/oval-definitions-5#independent" check="only one" comment="the installed operating system is part of the Microsoft Windows family" id="oval:mil.disa.fso.windows:tst:497001" version="1">
          <object object_ref="oval:mil.disa.fso.windows:obj:497000" />
          <state state_ref="oval:mil.disa.fso.windows:ste:497000" />
        </family_test>
        <registry_test xmlns="http://oval.mitre.org/XMLSchema/oval-definitions-5#windows" check="at least one" comment="Windows Server 2003 is installed" id="oval:mil.disa.fso.windows:tst:497002" version="1">
          <object object_ref="oval:mil.disa.fso.windows:obj:497001" />
          <state state_ref="oval:mil.disa.fso.windows:ste:497001" />
        </registry_test>
      </tests>
      <objects>
        <windows-def:registry_object xmlns:windows-def="http://oval.mitre.org/XMLSchema/oval-definitions-5#windows" id="oval:mil.disa.fso.dotnet:obj:200" version="1">
          <windows-def:behaviors recurse_direction="down" max_depth="-1" />
          <windows-def:hive datatype="string">HKEY_LOCAL_MACHINE</windows-def:hive>
          <windows-def:key datatype="string">SOFTWARE\Microsoft\StrongName\Verification</windows-def:key>
          <windows-def:name datatype="string" operation="pattern match">.*</windows-def:name>
        </windows-def:registry_object>
        <windows-def:registry_object xmlns:windows-def="http://oval.mitre.org/XMLSchema/oval-definitions-5#windows" id="oval:mil.disa.fso.dotnet:obj:300" version="1">
          <windows-def:hive datatype="string">HKEY_CURRENT_USER</windows-def:hive>
          <windows-def:key datatype="string">Software\Microsoft\Windows\CurrentVersion\WinTrust\Trust Providers\Software Publishing</windows-def:key>
          <windows-def:name datatype="string">State</windows-def:name>
        </windows-def:registry_object>
        <xmlfilecontent_object xmlns="http://oval.mitre.org/XMLSchema/oval-definitions-5#independent" id="oval:mil.disa.fso.dotnet:obj:900" version="4" comment="*.exe.config enforceFIPSPolicy/@enabled">
          <filepath datatype="string" operation="equals" var_check="at least one" var_ref="oval:mil.disa.fso.dotnet:var:903" />
          <xpath datatype="string" operation="equals">count(/configuration/runtime/enforceFIPSPolicy/@enabled) = 0 or /configuration/runtime/enforceFIPSPolicy/@enabled = "true"</xpath>
        </xmlfilecontent_object>
        <xmlfilecontent_object xmlns="http://oval.mitre.org/XMLSchema/oval-definitions-5#independent" id="oval:mil.disa.fso.dotnet:obj:901" version="2" comment="machine.config enforceFIPSPolicy/@enabled">
          <behaviors recurse_direction="down" max_depth="-1" />
          <path datatype="string" operation="equals" var_ref="oval:mil.disa.fso.dotnet:var:900" var_check="at least one" />
          <filename datatype="string" operation="case insensitive equals">machine.config</filename>
          <xpath datatype="string" operation="equals">count(/configuration/runtime/enforceFIPSPolicy/@enabled) = 0 or /configuration/runtime/enforceFIPSPolicy/@enabled = "true"</xpath>
        </xmlfilecontent_object>
        <file_object xmlns="http://oval.mitre.org/XMLSchema/oval-definitions-5#windows" id="oval:mil.disa.fso.dotnet:obj:902" version="3" comment="All *.exe.config files">
          <behaviors recurse_direction="down" max_depth="-1" />
          <path datatype="string" operation="equals" var_ref="oval:mil.disa.fso.windows:var:439700" var_check="at least one" />
          <filename datatype="string" operation="pattern match">^.*\.[Ee][Xx][Ee]\.[Cc][Oo][Nn][Ff][Ii][Gg]$</filename>
        </file_object>
        <file_object xmlns="http://oval.mitre.org/XMLSchema/oval-definitions-5#windows" id="oval:mil.disa.fso.dotnet:obj:903" version="3" comment="*.exe.config files without WinSxS">
          <set xmlns="http://oval.mitre.org/XMLSchema/oval-definitions-5" set_operator="COMPLEMENT">
            <object_reference>oval:mil.disa.fso.dotnet:obj:902</object_reference>
            <object_reference>oval:mil.disa.fso.dotnet:obj:906</object_reference>
          </set>
        </file_object>
        <file_object xmlns="http://oval.mitre.org/XMLSchema/oval-definitions-5#windows" id="oval:mil.disa.fso.dotnet:obj:904" version="3" comment="WinSxS *.exe.config files">
          <behaviors recurse_direction="down" max_depth="-1" />
          <path datatype="string" operation="equals" var_ref="oval:mil.disa.fso.dotnet:var:902" var_check="at least one" />
          <filename datatype="string" operation="pattern match">^.*\.[Ee][Xx][Ee]\.[Cc][Oo][Nn][Ff][Ii][Gg]$</filename>
        </file_object>
        <file_object xmlns="http://oval.mitre.org/XMLSchema/oval-definitions-5#windows" id="oval:mil.disa.fso.dotnet:obj:905" version="3" comment="C:\Windows.old\Windows\WinSxS *.exe.config files">
          <behaviors recurse_direction="down" max_depth="-1" />
          <path datatype="string" operation="equals">C:\Windows.Old\Windows\WinSxS</path>
          <filename datatype="string" operation="pattern match">^.*\.[Ee][Xx][Ee]\.[Cc][Oo][Nn][Ff][Ii][Gg]$</filename>
        </file_object>
        <file_object xmlns="http://oval.mitre.org/XMLSchema/oval-definitions-5#windows" id="oval:mil.disa.fso.dotnet:obj:906" version="1" comment="excluded *.exe.config files">
          <set xmlns="http://oval.mitre.org/XMLSchema/oval-definitions-5" set_operator="UNION">
            <object_reference>oval:mil.disa.fso.dotnet:obj:904</object_reference>
            <object_reference>oval:mil.disa.fso.dotnet:obj:905</object_reference>
          </set>
        </file_object>
        <xmlfilecontent_object xmlns="http://oval.mitre.org/XMLSchema/oval-definitions-5#independent" id="oval:mil.disa.fso.dotnet:obj:1200" version="3" comment="*.exe.config etwEnable/@enabled true or nonexistant">
          <filepath datatype="string" operation="equals" var_check="at least one" var_ref="oval:mil.disa.fso.dotnet:var:903" />
          <xpath datatype="string" operation="equals">count(/configuration/runtime/etwEnable/@enabled) = 0 or /configuration/runtime/etwEnable/@enabled = "true"</xpath>
        </xmlfilecontent_object>
        <xmlfilecontent_object xmlns="http://oval.mitre.org/XMLSchema/oval-definitions-5#independent" id="oval:mil.disa.fso.dotnet:obj:1201" version="2" comment="machine.config etwEnable/@enabled true or nonexistant">
          <path datatype="string" operation="equals" var_ref="oval:mil.disa.fso.dotnet:var:900" var_check="at least one" />
          <filename datatype="string" operation="case insensitive equals">machine.config</filename>
          <xpath datatype="string" operation="equals">count(/configuration/runtime/etwEnable/@enabled) = 0 or /configuration/runtime/etwEnable/@enabled = "true"</xpath>
        </xmlfilecontent_object>
        <xmlfilecontent_object xmlns="http://oval.mitre.org/XMLSchema/oval-definitions-5#independent" id="oval:mil.disa.fso.dotnet:obj:1202" version="2" comment="*.exe.config etwEnable/@enabled exists and true">
          <filepath datatype="string" operation="equals" var_check="at least one" var_ref="oval:mil.disa.fso.dotnet:var:903" />
          <xpath datatype="string" operation="equals">/configuration/runtime/etwEnable/@enabled = "true"</xpath>
        </xmlfilecontent_object>
        <xmlfilecontent_object xmlns="http://oval.mitre.org/XMLSchema/oval-definitions-5#independent" id="oval:mil.disa.fso.dotnet:obj:1203" version="1" comment="machine.config etwEnable/@enabled exists and true">
          <path datatype="string" operation="equals" var_ref="oval:mil.disa.fso.dotnet:var:900" var_check="at least one" />
          <filename datatype="string" operation="case insensitive equals">machine.config</filename>
          <xpath datatype="string" operation="equals">/configuration/runtime/etwEnable/@enabled = "true"</xpath>
        </xmlfilecontent_object>
        <registry_object xmlns="http://oval.mitre.org/XMLSchema/oval-definitions-5#windows" id="oval:mil.disa.fso.dotnet:obj:1600" version="1" comment="SchUseStrongCrypto key for applications that match the bitness of the system">
          <hive datatype="string">HKEY_LOCAL_MACHINE</hive>
          <key datatype="string">SOFTWARE\Microsoft\.NETFramework\v4.0.30319</key>
          <name datatype="string">SchUseStrongCrypto</name>
        </registry_object>
        <wmi57_object xmlns="http://oval.mitre.org/XMLSchema/oval-definitions-5#windows" id="oval:mil.disa.fso.dotnet:obj:1601" version="1" comment="Is this a 32-bit system">
          <namespace datatype="string">root\cimv2</namespace>
          <wql datatype="string">SELECT OSArchitecture from win32_operatingsystem</wql>
        </wmi57_object>
        <registry_object xmlns="http://oval.mitre.org/XMLSchema/oval-definitions-5#windows" id="oval:mil.disa.fso.dotnet:obj:1602" version="1" comment="SchUseStrongCrypto key for 32 bit applications on a 64 bit system">
          <hive datatype="string">HKEY_LOCAL_MACHINE</hive>
          <key datatype="string">SOFTWARE\Wow6432Node\Microsoft\.NETFramework\v4.0.30319</key>
          <name datatype="string">SchUseStrongCrypto</name>
        </registry_object>
        <registry_object xmlns="http://oval.mitre.org/XMLSchema/oval-definitions-5#windows" id="oval:mil.disa.fso.windows:obj:388601" version="2" comment="System Root Directory Registry Object">
          <hive datatype="string">HKEY_LOCAL_MACHINE</hive>
          <key datatype="string">SOFTWARE\Microsoft\Windows NT\CurrentVersion</key>
          <name datatype="string">SystemRoot</name>
        </registry_object>
        <family_object xmlns="http://oval.mitre.org/XMLSchema/oval-definitions-5#independent" id="oval:mil.disa.fso.windows:obj:392200" version="1" />
        <registry_object xmlns="http://oval.mitre.org/XMLSchema/oval-definitions-5#windows" id="oval:mil.disa.fso.windows:obj:392201" version="1">
          <hive datatype="string">HKEY_LOCAL_MACHINE</hive>
          <key datatype="string">SOFTWARE\Microsoft\Windows NT\CurrentVersion</key>
          <name datatype="string">ProductName</name>
        </registry_object>
        <wmi_object xmlns="http://oval.mitre.org/XMLSchema/oval-definitions-5#windows" id="oval:mil.disa.fso.windows:obj:439702" version="1" comment="All 'Local Disk' Volumes">
          <namespace datatype="string">root\cimv2</namespace>
          <wql datatype="string">SELECT name FROM win32_logicaldisk WHERE drivetype=3</wql>
        </wmi_object>
        <family_object xmlns="http://oval.mitre.org/XMLSchema/oval-definitions-5#independent" id="oval:mil.disa.fso.windows:obj:497000" version="1" />
        <registry_object xmlns="http://oval.mitre.org/XMLSchema/oval-definitions-5#windows" id="oval:mil.disa.fso.windows:obj:497001" version="1">
          <hive datatype="string">HKEY_LOCAL_MACHINE</hive>
          <key datatype="string">SOFTWARE\Microsoft\Windows NT\CurrentVersion</key>
          <name datatype="string">CurrentVersion</name>
        </registry_object>
      </objects>
      <states>
        <xmlfilecontent_state xmlns="http://oval.mitre.org/XMLSchema/oval-definitions-5#independent" id="oval:mil.disa.fso.dotnet:ste:900" version="2" comment="enforceFIPSPolicy/@enabled = false">
          <value_of datatype="boolean" operation="equals">true</value_of>
        </xmlfilecontent_state>
        <xmlfilecontent_state xmlns="http://oval.mitre.org/XMLSchema/oval-definitions-5#independent" id="oval:mil.disa.fso.dotnet:ste:1200" version="2" comment="etwEnable/@enabled = true">
          <value_of datatype="boolean" operation="equals">true</value_of>
        </xmlfilecontent_state>
        <windows-def:registry_state xmlns:windows-def="http://oval.mitre.org/XMLSchema/oval-definitions-5#windows" id="oval:mil.disa.fso.dotnet:ste:1500" version="1" comment="0x23c00 (reg_dword)">
          <windows-def:type>reg_dword</windows-def:type>
          <windows-def:value datatype="int" operation="equals">146432</windows-def:value>
        </windows-def:registry_state>
        <registry_state xmlns="http://oval.mitre.org/XMLSchema/oval-definitions-5#windows" id="oval:mil.disa.fso.dotnet:ste:1600" version="1" comment="reg_dword value set to 1">
          <type datatype="string" operation="equals">reg_dword</type>
          <value datatype="int" operation="equals">1</value>
        </registry_state>
        <wmi57_state xmlns="http://oval.mitre.org/XMLSchema/oval-definitions-5#windows" id="oval:mil.disa.fso.dotnet:ste:1601" version="1" comment="32 bit operating system">
          <result datatype="record" operation="equals">
            <field xmlns="http://oval.mitre.org/XMLSchema/oval-definitions-5" name="osarchitecture" datatype="string">32-bit</field>
          </result>
        </wmi57_state>
        <family_state xmlns="http://oval.mitre.org/XMLSchema/oval-definitions-5#independent" id="oval:mil.disa.fso.windows:ste:392200" version="1">
          <family>windows</family>
        </family_state>
        <registry_state xmlns="http://oval.mitre.org/XMLSchema/oval-definitions-5#windows" id="oval:mil.disa.fso.windows:ste:392201" version="1">
          <value operation="pattern match">.*XP.*</value>
        </registry_state>
        <family_state xmlns="http://oval.mitre.org/XMLSchema/oval-definitions-5#independent" id="oval:mil.disa.fso.windows:ste:497000" version="1">
          <family>windows</family>
        </family_state>
        <registry_state xmlns="http://oval.mitre.org/XMLSchema/oval-definitions-5#windows" id="oval:mil.disa.fso.windows:ste:497001" version="1">
          <value>5.2</value>
        </registry_state>
      </states>
      <variables>
        <local_variable id="oval:mil.disa.fso.dotnet:var:900" version="1" comment=".NET config directory" datatype="string">
          <concat>
            <object_component item_field="value" object_ref="oval:mil.disa.fso.windows:obj:388601" />
            <variable_component var_ref="oval:mil.disa.fso.dotnet:var:901" />
          </concat>
        </local_variable>
        <constant_variable id="oval:mil.disa.fso.dotnet:var:901" version="1" comment=".NET config path components" datatype="string">
          <value>\Microsoft.NET\Framework\v4.0.30319\Config</value>
          <value>\Microsoft.NET\Framework64\v4.0.30319\Config</value>
        </constant_variable>
        <local_variable id="oval:mil.disa.fso.dotnet:var:902" version="5" comment="WinSXS directory" datatype="string">
          <concat>
            <end character="\">
              <object_component item_field="value" object_ref="oval:mil.disa.fso.windows:obj:388601" />
            </end>
            <literal_component>WinSxS</literal_component>
          </concat>
        </local_variable>
        <local_variable id="oval:mil.disa.fso.dotnet:var:903" version="2" comment="exe.config files, filtered" datatype="string">
          <object_component object_ref="oval:mil.disa.fso.dotnet:obj:903" item_field="filepath" />
        </local_variable>
        <local_variable id="oval:mil.disa.fso.windows:var:439700" version="1" datatype="string" comment="All 'local disk' volumes, in X:\ format">
          <end character="\">
            <object_component object_ref="oval:mil.disa.fso.windows:obj:439702" item_field="result" />
          </end>
        </local_variable>
      </variables>
    </oval_definitions>
  </component>
  <component id="scap_mil.disa.stig_comp_U_MS_DotNet_Framework_4_V1R5_STIG_SCAP_1-2_Benchmark-cpe-oval.xml" timestamp="2018-09-14T16:02:29">
    <oval_definitions xmlns="http://oval.mitre.org/XMLSchema/oval-definitions-5" xmlns:oval="http://oval.mitre.org/XMLSchema/oval-common-5">
      <generator>
        <oval:product_name>repotool</oval:product_name>
        <oval:schema_version>5.10</oval:schema_version>
        <oval:timestamp>2018-09-14T16:02:28</oval:timestamp>
      </generator>
      <definitions>
        <definition id="oval:mil.disa.fso.dotnet:def:1" version="2" class="inventory">
          <metadata>
            <title>Microsoft .NET Framework 4.0 is installed</title>
            <affected family="windows">
              <platform>Microsoft Windows XP</platform>
              <platform>Microsoft Windows Server 2003</platform>
              <platform>Microsoft Windows Vista</platform>
              <platform>Microsoft Windows Server 2008</platform>
              <platform>Microsoft Windows Server 2008 R2</platform>
              <platform>Microsoft Windows 7</platform>
              <platform>Microsoft .NET Framework 4.0</platform>
              <product>Microsoft .NET Framework</product>
            </affected>
            <reference source="CPE" ref_id="cpe:/a:microsoft:.net_framework:4.0" />
            <description>Microsoft .NET Framework 4.0 is installed</description>
          </metadata>
          <criteria operator="OR">
            <criterion comment=".NET Framework 4.0 Client version is installed" test_ref="oval:mil.disa.fso.dotnet:tst:100" />
            <criterion comment=".NET Framework 4.0 Full version is installed" test_ref="oval:mil.disa.fso.dotnet:tst:101" />
          </criteria>
        </definition>
      </definitions>
      <tests>
        <registry_test xmlns="http://oval.mitre.org/XMLSchema/oval-definitions-5#windows" id="oval:mil.disa.fso.dotnet:tst:100" version="1" comment=".NET Framework 4.0 Client version is installed" check_existence="at_least_one_exists" check="all">
          <object object_ref="oval:mil.disa.fso.dotnet:obj:100" />
          <state state_ref="oval:mil.disa.fso.dotnet:ste:100" />
        </registry_test>
        <registry_test xmlns="http://oval.mitre.org/XMLSchema/oval-definitions-5#windows" id="oval:mil.disa.fso.dotnet:tst:101" version="1" comment=".NET Framework 4.0 Full version is installed" check_existence="at_least_one_exists" check="all">
          <object object_ref="oval:mil.disa.fso.dotnet:obj:101" />
          <state state_ref="oval:mil.disa.fso.dotnet:ste:100" />
        </registry_test>
      </tests>
      <objects>
        <registry_object xmlns="http://oval.mitre.org/XMLSchema/oval-definitions-5#windows" id="oval:mil.disa.fso.dotnet:obj:100" version="1" comment="HKEY_LOCAL_MACHINE\SOFTWARE\Microsoft\NET Framework Setup\NDP\v4\Client\\Install">
          <hive datatype="string">HKEY_LOCAL_MACHINE</hive>
          <key datatype="string">SOFTWARE\Microsoft\NET Framework Setup\NDP\v4\Client</key>
          <name datatype="string">Install</name>
        </registry_object>
        <registry_object xmlns="http://oval.mitre.org/XMLSchema/oval-definitions-5#windows" id="oval:mil.disa.fso.dotnet:obj:101" version="1" comment="HKEY_LOCAL_MACHINE\SOFTWARE\Microsoft\NET Framework Setup\NDP\v4\Full\\Install">
          <hive datatype="string">HKEY_LOCAL_MACHINE</hive>
          <key datatype="string">SOFTWARE\Microsoft\NET Framework Setup\NDP\v4\Full</key>
          <name datatype="string">Install</name>
        </registry_object>
      </objects>
      <states>
        <registry_state xmlns="http://oval.mitre.org/XMLSchema/oval-definitions-5#windows" id="oval:mil.disa.fso.dotnet:ste:100" version="1">
          <value datatype="int">1</value>
        </registry_state>
      </states>
    </oval_definitions>
  </component>
</data-stream-collection>

